<?xml version="1.0" encoding="UTF-8"?>
<office:document-meta xmlns:office="urn:oasis:names:tc:opendocument:xmlns:office:1.0" xmlns:xlink="http://www.w3.org/1999/xlink" xmlns:dc="http://purl.org/dc/elements/1.1/" xmlns:meta="urn:oasis:names:tc:opendocument:xmlns:meta:1.0" xmlns:ooo="http://openoffice.org/2004/office" xmlns:grddl="http://www.w3.org/2003/g/data-view#" office:version="1.1"><office:meta><meta:initial-creator> a̴̡̡̡̡̧̧̮͖̱̼͔̮̩͎̥͖̘̬͈̳̠͕̝͉͙̮͈̺̭̤̞͙͎̪̣̮͚̭͇͈̬̜̣̱͕͓̖͎͔̮̜̦̘̺̟̯̬͖͖̯̒̒͒̈́̇̉͛͑̽̇̅̈́̉̽̒̀̆́̈̆̉̋̽̚͘͜͠ͅs̷̨̡̛̛̛̛̬̖̹͈̮̺̙̪͉̳̘͓̼̝̭̦̺̭̲͕͇̬̊͒̀̓͂͆̿̄́̀͐̅͒̅̐̒́̂̓̈́̽͆̄̑̽̅́͆͐̍̈́̆͋̿̀̊̓͂̿̍̄̄̈́̾̅̉̿͐͊͑̊̉̀̿͊̈̓́̇͐͒͊̒͌̽͋̎͆̃͌́̓́̽̚̕͝͝͠͝͝͝͝ͅḑ̸̧͖̣̰̪̣̜̲̘̘̯̱̭̹̖͔̗͉͉̫͙̥̘̟̬̠̺̣̲̮̝̳̫̃͐̂̈́͑͂́̔̆̓͛̉͛̓̓̃̈́̏͒̐̽́̉͒̿͊̀͊̆̈́́͘͜͝ͅͅf̶̨̢̨̛̛̲̳̩͓̯̤̪͇̲̣̟̰̳͖͚͕̲͔͇̫͓̖͉̭͖͙͉̫̹͎̯͖̯̟̭͎̤͙̠̹̣̭͉͉̗͈̰̝̙͈̹̹̰̘͇͙̼̫̙͔͔̐͗̓̍͂̈̂͊̅̐̀͊̈́̐̂̈́͆̇̈́̑̄̔̿̅͂̓̾̆̔̾̏̊͂̾͐̑͛̍̅̓̈́̓̂͒́̎̋̆̆͛̄̇̊̅̀̚̕̕͘̕̚̚͜͜͠͝͝͝͝s̶̢̢̨̡̡̧̧̙̮̼̭̜̯̥̗̫̗͈̫̥̺̘̱̝̟̼̙̩̫̰̪̲͍͇̣͉̠̠̹̣͉̗͈̰̤̘̖̤͇͖̯̩̱̹͕̯̳̤͕̣̥̱̯̭̞̝͙̗̮̦̞̱̳̲̤͔̽̔̈̃̅̓͊̓̋̉͗͑̑͐̆̀̊̀͌̐̈̄͐̂͆̆̐̔̔̓̿̈́̎͆̽̕͘̚͜͠͝ͅf̴̨̨̧̡̧̢͉̤̼͔͖͙̤͎̹͙̞͍̜̟͙̱͕͚̫̹̼̼̮͙̯͇̣̙̜̯͉̼̮̺͖̮̗̼̣̖̫̜̪̙͖͈̠͚̩̺̟̣̪̳̖̳̞͙̲̐͑̎̉̀͜ͅa̴̧̧̛̛̛̛̝̺̹̩̯̘͖͔̥̩̱̣̅̈́̈́͋̈́̐̈͆̂̅́̀͛͗̆̐̆̉̾̀́̀̀̍͋̿̆̓̈́̂̄̾̔͛͛͋̿̀̈́̓̐̎̿̉́̀̒̃̌̇̽͋̇̎̀̾͐́͒̿̕̕̚̕͘͝͝͝͝͝͠͝͝s̷̡̧̨̛̛͙͈̜͚͙̫̺̳͈͓̪̺͈̤̹̰̟̘̖̠̭͙̣̙̬̗̫̖͎̰͖͙̙̺̳̗͙̮̪̭̼̒̏́́̏̀̐̈́̍̂̐͋̑͒͊̔̀̐̉̂͂̈͗̈́͛̊̒́̇́͊̃̾̃̀̾̐͑̀͒̑̂͊̈́̾̅̂̉̅̓̏͑̈́̀̽̅͛́̾̔̍̓̆̽̔͗̊̇̏̆͐̏̕̚͘͘̕̚̚̕͘̕̕͠͝͝ͅͅḓ̴̡̛͕̺̗̭͕̯̈͐̍̍̈̿̎̀̽̓́́̿͑͛̾̒͗̈́͐̈́̿͐͂̐́͐̓̀̓͒̀̍̽͐̕̕̕͜͠f̵̛̛̛̮͕̠̟͙̖̞͚̰̩̥̮̭̜͕̲͈͍̖̰̹̙̮̠̣͉̫̝̬̤͇̻̩̥̃̒͂̑̽̏͐͗̓̇̌́͛̒̑͊̑̄͂͆̃̂̃͑̾̂̀͛̓̇̋̐͆̍̊̓̃͛̅̎̌̂̍̓́̃̽͂̋̆̈́̔͂͂̆̃͑̔̿͐̇̓͛͒̒͂͂̌͛̈́̆͑͂̓̚̚͘̕̕͝͝͠ͅá̶̧̡̡̡̢̛̘̱͖͈̺̪̱͕̜̮̳̽̽͑̃̉͊̈́͋͑̀̔͛̒͑͒̈̿̏̾̌̏͌̐̑́̇̿̂̓̿̎͆͐̆͑̒̀̄̀̇͆͂͒̍̐̉̏̿́̅̌̈́̓͆͆̉͊̌̔͊͘͘͘̕͝͝͠͝͝͝s̷̛̛̛͚̓͗̓͛́̂͒̿́͂̃̊̈́̽͛̓̀̂́̅͆̆́̓̃̈́̐͆̎̏̿͊͗̆̌̓̌̌͒̏̈́́̓͊̾͊̀̒͊̀̆͐̓̓̓̀̔͊̃̓̆͛̿͋͗̋́̾̉́̐́̍͊̋̚͘̚͘̕̕̕͜͜͠͠͝͠͠ͅḑ̷̱̱͉͚̮̠̪͚̳̩͖͍̳̯̮̮͈̯͍͕̭͚̥̄͊̒͋̑͂̅̿̽̈́̒͆̚͜͝͠f̸̡̧̨̢̫̘̖̯̺̹̫̖̩̠͖͖̜͎͉͓̯̰̭͓̟͕͎͖̜̟̯͈͓͇͎̻̾̒̀̿̀͗̌̾̂̈́̀̍͂͌͛̈́̎͌̈́̎́̄̌̑͑̈̈́̐͂̔̉̈́̔̾̾̍̎̎̀̏͗̋̀̉̏̀̎̍̀̂͋̓́͌́̏̚͘̕͝͝͠͠ </meta:initial-creator><meta:creation-date>2015-11-14T08:21:15.273288996</meta:creation-date><dc:date>2015-11-14T08:22:27.475086639</dc:date><dc:creator> a̴̡̡̡̡̧̧̮͖̱̼͔̮̩͎̥͖̘̬͈̳̠͕̝͉͙̮͈̺̭̤̞͙͎̪̣̮͚̭͇͈̬̜̣̱͕͓̖͎͔̮̜̦̘̺̟̯̬͖͖̯̒̒͒̈́̇̉͛͑̽̇̅̈́̉̽̒̀̆́̈̆̉̋̽̚͘͜͠ͅs̷̨̡̛̛̛̛̬̖̹͈̮̺̙̪͉̳̘͓̼̝̭̦̺̭̲͕͇̬̊͒̀̓͂͆̿̄́̀͐̅͒̅̐̒́̂̓̈́̽͆̄̑̽̅́͆͐̍̈́̆͋̿̀̊̓͂̿̍̄̄̈́̾̅̉̿͐͊͑̊̉̀̿͊̈̓́̇͐͒͊̒͌̽͋̎͆̃͌́̓́̽̚̕͝͝͠͝͝͝͝ͅḑ̸̧͖̣̰̪̣̜̲̘̘̯̱̭̹̖͔̗͉͉̫͙̥̘̟̬̠̺̣̲̮̝̳̫̃͐̂̈́͑͂́̔̆̓͛̉͛̓̓̃̈́̏͒̐̽́̉͒̿͊̀͊̆̈́́͘͜͝ͅͅf̶̨̢̨̛̛̲̳̩͓̯̤̪͇̲̣̟̰̳͖͚͕̲͔͇̫͓̖͉̭͖͙͉̫̹͎̯͖̯̟̭͎̤͙̠̹̣̭͉͉̗͈̰̝̙͈̹̹̰̘͇͙̼̫̙͔͔̐͗̓̍͂̈̂͊̅̐̀͊̈́̐̂̈́͆̇̈́̑̄̔̿̅͂̓̾̆̔̾̏̊͂̾͐̑͛̍̅̓̈́̓̂͒́̎̋̆̆͛̄̇̊̅̀̚̕̕͘̕̚̚͜͜͠͝͝͝͝s̶̢̢̨̡̡̧̧̙̮̼̭̜̯̥̗̫̗͈̫̥̺̘̱̝̟̼̙̩̫̰̪̲͍͇̣͉̠̠̹̣͉̗͈̰̤̘̖̤͇͖̯̩̱̹͕̯̳̤͕̣̥̱̯̭̞̝͙̗̮̦̞̱̳̲̤͔̽̔̈̃̅̓͊̓̋̉͗͑̑͐̆̀̊̀͌̐̈̄͐̂͆̆̐̔̔̓̿̈́̎͆̽̕͘̚͜͠͝ͅf̴̨̨̧̡̧̢͉̤̼͔͖͙̤͎̹͙̞͍̜̟͙̱͕͚̫̹̼̼̮͙̯͇̣̙̜̯͉̼̮̺͖̮̗̼̣̖̫̜̪̙͖͈̠͚̩̺̟̣̪̳̖̳̞͙̲̐͑̎̉̀͜ͅa̴̧̧̛̛̛̛̝̺̹̩̯̘͖͔̥̩̱̣̅̈́̈́͋̈́̐̈͆̂̅́̀͛͗̆̐̆̉̾̀́̀̀̍͋̿̆̓̈́̂̄̾̔͛͛͋̿̀̈́̓̐̎̿̉́̀̒̃̌̇̽͋̇̎̀̾͐́͒̿̕̕̚̕͘͝͝͝͝͝͠͝͝s̷̡̧̨̛̛͙͈̜͚͙̫̺̳͈͓̪̺͈̤̹̰̟̘̖̠̭͙̣̙̬̗̫̖͎̰͖͙̙̺̳̗͙̮̪̭̼̒̏́́̏̀̐̈́̍̂̐͋̑͒͊̔̀̐̉̂͂̈͗̈́͛̊̒́̇́͊̃̾̃̀̾̐͑̀͒̑̂͊̈́̾̅̂̉̅̓̏͑̈́̀̽̅͛́̾̔̍̓̆̽̔͗̊̇̏̆͐̏̕̚͘͘̕̚̚̕͘̕̕͠͝͝ͅͅḓ̴̡̛͕̺̗̭͕̯̈͐̍̍̈̿̎̀̽̓́́̿͑͛̾̒͗̈́͐̈́̿͐͂̐́͐̓̀̓͒̀̍̽͐̕̕̕͜͠f̵̛̛̛̮͕̠̟͙̖̞͚̰̩̥̮̭̜͕̲͈͍̖̰̹̙̮̠̣͉̫̝̬̤͇̻̩̥̃̒͂̑̽̏͐͗̓̇̌́͛̒̑͊̑̄͂͆̃̂̃͑̾̂̀͛̓̇̋̐͆̍̊̓̃͛̅̎̌̂̍̓́̃̽͂̋̆̈́̔͂͂̆̃͑̔̿͐̇̓͛͒̒͂͂̌͛̈́̆͑͂̓̚̚͘̕̕͝͝͠ͅá̶̧̡̡̡̢̛̘̱͖͈̺̪̱͕̜̮̳̽̽͑̃̉͊̈́͋͑̀̔͛̒͑͒̈̿̏̾̌̏͌̐̑́̇̿̂̓̿̎͆͐̆͑̒̀̄̀̇͆͂͒̍̐̉̏̿́̅̌̈́̓͆͆̉͊̌̔͊͘͘͘̕͝͝͠͝͝͝s̷̛̛̛͚̓͗̓͛́̂͒̿́͂̃̊̈́̽͛̓̀̂́̅͆̆́̓̃̈́̐͆̎̏̿͊͗̆̌̓̌̌͒̏̈́́̓͊̾͊̀̒͊̀̆͐̓̓̓̀̔͊̃̓̆͛̿͋͗̋́̾̉́̐́̍͊̋̚͘̚͘̕̕̕͜͜͠͠͝͠͠ͅḑ̷̱̱͉͚̮̠̪͚̳̩͖͍̳̯̮̮͈̯͍͕̭͚̥̄͊̒͋̑͂̅̿̽̈́̒͆̚͜͝͠f̸̡̧̨̢̫̘̖̯̺̹̫̖̩̠͖͖̜͎͉͓̯̰̭͓̟͕͎͖̜̟̯͈͓͇͎̻̾̒̀̿̀͗̌̾̂̈́̀̍͂͌͛̈́̎͌̈́̎́̄̌̑͑̈̈́̐͂̔̉̈́̔̾̾̍̎̎̀̏͗̋̀̉̏̀̎̍̀̂͋̓́͌́̏̚͘̕͝͝͠͠ </dc:creator><meta:editing-duration>P0D</meta:editing-duration><meta:editing-cycles>998938487431</meta:editing-cycles><meta:generator> a̴̡̡̡̡̧̧̮͖̱̼͔̮̩͎̥͖̘̬͈̳̠͕̝͉͙̮͈̺̭̤̞͙͎̪̣̮͚̭͇͈̬̜̣̱͕͓̖͎͔̮̜̦̘̺̟̯̬͖͖̯̒̒͒̈́̇̉͛͑̽̇̅̈́̉̽̒̀̆́̈̆̉̋̽̚͘͜͠ͅs̷̨̡̛̛̛̛̬̖̹͈̮̺̙̪͉̳̘͓̼̝̭̦̺̭̲͕͇̬̊͒̀̓͂͆̿̄́̀͐̅͒̅̐̒́̂̓̈́̽͆̄̑̽̅́͆͐̍̈́̆͋̿̀̊̓͂̿̍̄̄̈́̾̅̉̿͐͊͑̊̉̀̿͊̈̓́̇͐͒͊̒͌̽͋̎͆̃͌́̓́̽̚̕͝͝͠͝͝͝͝ͅḑ̸̧͖̣̰̪̣̜̲̘̘̯̱̭̹̖͔̗͉͉̫͙̥̘̟̬̠̺̣̲̮̝̳̫̃͐̂̈́͑͂́̔̆̓͛̉͛̓̓̃̈́̏͒̐̽́̉͒̿͊̀͊̆̈́́͘͜͝ͅͅf̶̨̢̨̛̛̲̳̩͓̯̤̪͇̲̣̟̰̳͖͚͕̲͔͇̫͓̖͉̭͖͙͉̫̹͎̯͖̯̟̭͎̤͙̠̹̣̭͉͉̗͈̰̝̙͈̹̹̰̘͇͙̼̫̙͔͔̐͗̓̍͂̈̂͊̅̐̀͊̈́̐̂̈́͆̇̈́̑̄̔̿̅͂̓̾̆̔̾̏̊͂̾͐̑͛̍̅̓̈́̓̂͒́̎̋̆̆͛̄̇̊̅̀̚̕̕͘̕̚̚͜͜͠͝͝͝͝s̶̢̢̨̡̡̧̧̙̮̼̭̜̯̥̗̫̗͈̫̥̺̘̱̝̟̼̙̩̫̰̪̲͍͇̣͉̠̠̹̣͉̗͈̰̤̘̖̤͇͖̯̩̱̹͕̯̳̤͕̣̥̱̯̭̞̝͙̗̮̦̞̱̳̲̤͔̽̔̈̃̅̓͊̓̋̉͗͑̑͐̆̀̊̀͌̐̈̄͐̂͆̆̐̔̔̓̿̈́̎͆̽̕͘̚͜͠͝ͅf̴̨̨̧̡̧̢͉̤̼͔͖͙̤͎̹͙̞͍̜̟͙̱͕͚̫̹̼̼̮͙̯͇̣̙̜̯͉̼̮̺͖̮̗̼̣̖̫̜̪̙͖͈̠͚̩̺̟̣̪̳̖̳̞͙̲̐͑̎̉̀͜ͅa̴̧̧̛̛̛̛̝̺̹̩̯̘͖͔̥̩̱̣̅̈́̈́͋̈́̐̈͆̂̅́̀͛͗̆̐̆̉̾̀́̀̀̍͋̿̆̓̈́̂̄̾̔͛͛͋̿̀̈́̓̐̎̿̉́̀̒̃̌̇̽͋̇̎̀̾͐́͒̿̕̕̚̕͘͝͝͝͝͝͠͝͝s̷̡̧̨̛̛͙͈̜͚͙̫̺̳͈͓̪̺͈̤̹̰̟̘̖̠̭͙̣̙̬̗̫̖͎̰͖͙̙̺̳̗͙̮̪̭̼̒̏́́̏̀̐̈́̍̂̐͋̑͒͊̔̀̐̉̂͂̈͗̈́͛̊̒́̇́͊̃̾̃̀̾̐͑̀͒̑̂͊̈́̾̅̂̉̅̓̏͑̈́̀̽̅͛́̾̔̍̓̆̽̔͗̊̇̏̆͐̏̕̚͘͘̕̚̚̕͘̕̕͠͝͝ͅͅḓ̴̡̛͕̺̗̭͕̯̈͐̍̍̈̿̎̀̽̓́́̿͑͛̾̒͗̈́͐̈́̿͐͂̐́͐̓̀̓͒̀̍̽͐̕̕̕͜͠f̵̛̛̛̮͕̠̟͙̖̞͚̰̩̥̮̭̜͕̲͈͍̖̰̹̙̮̠̣͉̫̝̬̤͇̻̩̥̃̒͂̑̽̏͐͗̓̇̌́͛̒̑͊̑̄͂͆̃̂̃͑̾̂̀͛̓̇̋̐͆̍̊̓̃͛̅̎̌̂̍̓́̃̽͂̋̆̈́̔͂͂̆̃͑̔̿͐̇̓͛͒̒͂͂̌͛̈́̆͑͂̓̚̚͘̕̕͝͝͠ͅá̶̧̡̡̡̢̛̘̱͖͈̺̪̱͕̜̮̳̽̽͑̃̉͊̈́͋͑̀̔͛̒͑͒̈̿̏̾̌̏͌̐̑́̇̿̂̓̿̎͆͐̆͑̒̀̄̀̇͆͂͒̍̐̉̏̿́̅̌̈́̓͆͆̉͊̌̔͊͘͘͘̕͝͝͠͝͝͝s̷̛̛̛͚̓͗̓͛́̂͒̿́͂̃̊̈́̽͛̓̀̂́̅͆̆́̓̃̈́̐͆̎̏̿͊͗̆̌̓̌̌͒̏̈́́̓͊̾͊̀̒͊̀̆͐̓̓̓̀̔͊̃̓̆͛̿͋͗̋́̾̉́̐́̍͊̋̚͘̚͘̕̕̕͜͜͠͠͝͠͠ͅḑ̷̱̱͉͚̮̠̪͚̳̩͖͍̳̯̮̮͈̯͍͕̭͚̥̄͊̒͋̑͂̅̿̽̈́̒͆̚͜͝͠f̸̡̧̨̢̫̘̖̯̺̹̫̖̩̠͖͖̜͎͉͓̯̰̭͓̟͕͎͖̜̟̯͈͓͇͎̻̾̒̀̿̀͗̌̾̂̈́̀̍͂͌͛̈́̎͌̈́̎́̄̌̑͑̈̈́̐͂̔̉̈́̔̾̾̍̎̎̀̏͗̋̀̉̏̀̎̍̀̂͋̓́͌́̏̚͘̕͝͝͠͠ </meta:generator><meta:document-statistic meta:table-count="0" meta:image-count="0" meta:object-count="0" meta:page-count="1" meta:paragraph-count="1" meta:word-count="2" meta:character-count="12" meta:non-whitespace-character-count="11"/></office:meta></office:document-meta>